{
    "animation": [
        {
            "name": "Root",
            "time": [0.1667, 0.3333, 0.0, 0.5, 0.5833],
            "transform": [
                [1.0, 0.0, 0.0, -5e-06, 0.0, 0.0, -1.0, -0.027773, 0.0, 1.0, 0.0, 0.763972, 0.0, 0.0, 0.0, 1.0],
                [1.0, 0.0, 0.0, -5e-06, 0.0, 0.0, -1.0, -0.104356, 0.0, 1.0, 0.0, 0.692174, 0.0, 0.0, 0.0, 1.0],
                [1.0, 0.0, 0.0, -5e-06, 0.0, 0.0, -1.0, -0.104356, 0.0, 1.0, 0.0, 0.692174, 0.0, 0.0, 0.0, 1.0],
                [1.0, 0.0, 0.0, -5e-06, 0.0, 0.0, -1.0, 0.145922, 0.0, 1.0, 0.0, 0.629605, 0.0, 0.0, 0.0, 1.0],
                [1.0, 0.0, 0.0, -5e-06, 0.0, 0.0, -1.0, 0.145922, 0.0, 1.0, 0.0, 0.629605, 0.0, 0.0, 0.0, 1.0]
            ]
        },
        {
            "name": "Thigh_R",
            "time": [0.0, 0.1667, 0.3333, 0.5, 0.5833],
            "transform": [
                [0.960229, 0.147359, 0.237162, 0.12514, 0.123492, -0.985936, 0.112609, -0.015969, 0.250421, -0.078843, -0.964922, 0.0372, 0.0, 0.0, 0.0, 1.0],
                [0.775954, 0.370792, 0.510303, 0.132714, 0.177053, -0.904496, 0.387995, -0.020213, 0.605432, -0.210715, -0.767497, 0.134702, 0.0, 0.0, 0.0, 1.0],
                [0.738272, 0.377992, 0.558639, 0.132714, 0.232413, -0.92006, 0.315394, -0.023114, 0.633198, -0.103012, -0.767105, 0.083985, 0.0, 0.0, 0.0, 1.0],
                [0.895891, 0.147636, 0.419025, 0.132714, 0.327555, -0.85669, -0.398485, -0.015969, 0.300144, 0.494254, -0.81586, -0.00842, 0.0, 0.0, 0.0, 1.0],
                [0.886052, 0.158094, 0.435797, 0.132714, 0.336079, -0.866563, -0.368945, 0.01374, 0.319317, 0.473367, -0.820951, -0.055106, 0.0, 0.0, 0.0, 1.0]
            ]
        },
        {
            "name": "Leg_R",
            "time": [0.0, 0.1667, 0.3333, 0.5, 0.5833],
            "transform": [
                [1.0, 1.2e-05, 5e-06, -0.0, -1.3e-05, 0.80938, 0.587285, 0.374726, 3e-06, -0.587285, 0.80938, 0.0, 0.0, 0.0, 0.0, 1.0],
                [1.0, 1.8e-05, 1.1e-05, 0.0, -1.9e-05, 0.489503, 0.872002, 0.374726, 1e-05, -0.872002, 0.489503, 0.0, 0.0, 0.0, 0.0, 1.0],
                [1.0, 1.8e-05, 1.1e-05, -0.0, -1.8e-05, 0.533726, 0.845658, 0.374726, 9e-06, -0.845658, 0.533726, 0.0, 0.0, 0.0, 0.0, 1.0],
                [1.0, 9e-06, 3e-06, 0.0, -9e-06, 0.908967, 0.416869, 0.374726, 1e-06, -0.416869, 0.908967, 0.0, 0.0, 0.0, 0.0, 1.0],
                [1.0, 9e-06, 3e-06, -0.0, -1e-05, 0.896898, 0.442238, 0.374726, 2e-06, -0.442238, 0.896898, 0.0, 0.0, 0.0, 0.0, 1.0]
            ]
        },
        {
            "name": "Knee_R",
            "time": [0.0, 0.5833],
            "transform": [
                [1.0, 0.0, -0.0, -0.0, -0.0, 0.00567, -0.999984, 0.38447, -0.0, 0.999984, 0.00567, -5.5e-05, 0.0, 0.0, 0.0, 1.0],
                [1.0, 0.0, -0.0, -0.0, -0.0, 0.00567, -0.999984, 0.374726, -0.0, 0.999984, 0.00567, 0.0, 0.0, 0.0, 0.0, 1.0]
            ]
        },
        {
            "name": "Thigh_L",
            "time": [0.0, 0.1667, 0.3333, 0.5, 0.5833],
            "transform": [
                [0.983465, -0.082441, -0.161247, -0.125006, -0.021048, -0.936378, 0.350363, -0.026763, -0.179872, -0.341176, -0.92263, -0.038304, 0.0, 0.0, 0.0, 1.0],
                [0.990052, -0.105472, -0.093132, -0.125006, -0.031981, -0.813253, 0.581032, -0.011413, -0.137022, -0.572273, -0.808535, -0.118495, 0.0, 0.0, 0.0, 1.0],
                [0.995753, -0.079244, -0.046876, -0.125006, -0.04877, -0.88581, 0.461479, 0.012708, -0.078093, -0.457233, -0.885912, -0.181455, 0.0, 0.0, 0.0, 1.0],
                [0.995132, -0.087085, -0.046139, -0.125006, -0.02583, -0.682269, 0.730645, 0.015759, -0.095108, -0.725897, -0.681197, -0.00924, 0.0, 0.0, 0.0, 1.0],
                [0.996354, -0.07655, -0.03767, -0.125006, -0.024132, -0.676359, 0.736177, 0.015759, -0.081833, -0.732584, -0.67574, 0.041691, 0.0, 0.0, 0.0, 1.0]
            ]
        },
        {
            "name": "Leg_L",
            "time": [0.0, 0.1667, 0.3333, 0.5, 0.5833],
            "transform": [
                [1.0, 7e-06, 2e-06, -0.0, -8e-06, 0.934694, 0.355455, 0.374726, 1e-06, -0.355455, 0.934693, 0.0, 0.0, 0.0, 0.0, 1.0],
                [1.0, 1.6e-05, 8e-06, 0.0, -1.7e-05, 0.644319, 0.764757, 0.374726, 7e-06, -0.764757, 0.644319, 0.0, 0.0, 0.0, 0.0, 1.0],
                [1.0, 1.5e-05, 7e-06, 0.0, -1.5e-05, 0.707537, 0.706676, 0.374726, 6e-06, -0.706676, 0.707537, 0.0, 0.0, 0.0, 0.0, 1.0],
                [1.0, 1.7e-05, 9e-06, 0.0, -1.7e-05, 0.598106, 0.801417, 0.374726, 8e-06, -0.801417, 0.598106, -0.0, 0.0, 0.0, 0.0, 1.0],
                [1.0, 1.5e-05, 7e-06, 0.0, -1.6e-05, 0.690724, 0.723119, 0.374726, 6e-06, -0.723119, 0.690724, 0.0, 0.0, 0.0, 0.0, 1.0]
            ]
        },
        {
            "name": "Knee_L",
            "time": [0.0, 0.5833],
            "transform": [
                [1.0, 0.0, -0.0, 0.0, -0.0, 0.00567, -0.999984, 0.374726, -0.0, 0.999984, 0.00567, 0.0, 0.0, 0.0, 0.0, 1.0],
                [1.0, 0.0, -0.0, -0.0, -0.0, 0.00567, -0.999984, 0.403441, -0.0, 0.999984, 0.00567, -0.000163, 0.0, 0.0, 0.0, 1.0]
            ]
        },
        {
            "name": "Torso",
            "time": [0.0, 0.1667, 0.3333, 0.5, 0.5833],
            "transform": [
                [0.993169, 0.0, -0.116685, 0.0, 0.0, 1.0, 0.0, 0.05, 0.116685, 0.0, 0.993169, 0.0, 0.0, 0.0, 0.0, 1.0],
                [0.904864, 0.0, -0.4257, 0.0, 0.0, 1.0, 0.0, 0.05, 0.4257, 0.0, 0.904864, 0.0, 0.0, 0.0, 0.0, 1.0],
                [0.797017, 0.0, -0.603957, 0.0, 0.0, 1.0, 0.0, 0.05, 0.603957, 0.0, 0.797017, 0.0, 0.0, 0.0, 0.0, 1.0],
                [0.990553, 0.0, 0.137134, 0.0, 0.0, 1.0, 0.0, 0.05, -0.137134, 0.0, 0.990553, 0.0, 0.0, 0.0, 0.0, 1.0],
                [0.985711, 0.0, 0.168447, 0.0, 0.0, 1.0, 0.0, 0.05, -0.168447, 0.0, 0.985711, 0.0, 0.0, 0.0, 0.0, 1.0]
            ]
        },
        {
            "name": "Chest",
            "time": [0.0, 0.1667, 0.3333, 0.5, 0.5833],
            "transform": [
                [0.999216, 0.0, -0.039588, 0.0, 0.0, 1.0, 0.0, 0.3, 0.039588, 0.0, 0.999216, 0.0, 0.0, 0.0, 0.0, 1.0],
                [0.89941, 0.018165, -0.43673, -0.0, 0.042811, 0.990671, 0.129372, 0.3, 0.435006, -0.135056, 0.890242, 0.0, 0.0, 0.0, 0.0, 1.0],
                [0.709806, 0.060969, -0.701754, 0.0, 0.042811, 0.990671, 0.129372, 0.3, 0.703095, -0.121872, 0.700575, 0.0, 0.0, 0.0, 0.0, 1.0],
                [0.950958, -0.080111, 0.298767, 0.0, 0.042811, 0.990671, 0.129372, 0.3, -0.306344, -0.110237, 0.945516, -0.0, 0.0, 0.0, 0.0, 1.0],
                [0.942579, -0.08298, 0.323511, 0.0, 0.042811, 0.990671, 0.129372, 0.3, -0.331228, -0.108094, 0.937339, -0.0, 0.0, 0.0, 0.0, 1.0]
            ]
        },
        {
            "name": "Head",
            "time": [0.0, 0.1667, 0.3333, 0.5, 0.5833],
            "transform": [
                [0.991546, 0.0, 0.129759, -0.0, 0.0, 1.0, 0.0, 0.4, -0.129759, 0.0, 0.991546, 0.0, 0.0, 0.0, 0.0, 1.0],
                [0.81647, 0.006588, 0.57735, -0.0, 0.052773, 0.994898, -0.085983, 0.4, -0.57497, 0.100671, 0.811957, 0.0, 0.0, 0.0, 0.0, 1.0],
                [0.689755, 0.001671, 0.724041, -0.0, 0.077178, 0.99413, -0.075818, 0.4, -0.719918, 0.108176, 0.685577, 0.0, 0.0, 0.0, 0.0, 1.0],
                [0.9784, 0.039329, -0.202946, -0.0, -0.055321, 0.995742, -0.073739, 0.4, 0.199182, 0.083373, 0.976409, 0.0, 0.0, 0.0, 0.0, 1.0],
                [0.9784, 0.039329, -0.202946, 0.0, -0.055321, 0.995742, -0.073739, 0.4, 0.199182, 0.083373, 0.976409, -0.0, 0.0, 0.0, 0.0, 1.0]
            ]
        },
        {
            "name": "Shoulder_R",
            "time": [0.0, 0.5833],
            "transform": [
                [0.0, 0.952114, 0.305743, -0.0, 0.0, -0.305743, 0.952114, 0.4, 1.0, 0.0, -0.0, 0.0, 0.0, 0.0, 0.0, 1.0],
                [0.0, 0.952114, 0.305743, 0.0, 0.0, -0.305743, 0.952114, 0.4, 1.0, 0.0, -0.0, -0.0, 0.0, 0.0, 0.0, 1.0]
            ]
        },
        {
            "name": "Arm_R",
            "time": [0.0, 0.1667, 0.3333, 0.5, 0.5833],