{
    "animation": [
        {
            "name": "Root",
            "time": [0.0, 0.1667, 0.25, 0.3333, 0.4167],
            "transform": [
                [1.0, 0.0, 0.0, -5e-06, 0.0, 0.0, -1.0, 0.000946, 0.0, 1.0, 0.0, 0.763972, 0.0, 0.0, 0.0, 1.0],
                [1.0, 0.0, 0.0, -5e-06, 0.0, 0.0, -1.0, -0.039689, 0.0, 1.0, 0.0, 0.728416, 0.0, 0.0, 0.0, 1.0],
                [1.0, 0.0, 0.0, -5e-06, 0.0, 0.0, -1.0, 0.236545, 0.0, 1.0, 0.0, 0.731431, 0.0, 0.0, 0.0, 1.0],
                [1.0, 0.0, 0.0, -5e-06, 0.0, 0.0, -1.0, 0.544445, 0.0, 1.0, 0.0, 0.68778, 0.0, 0.0, 0.0, 1.0],
                [1.0, 0.0, 0.0, -5e-06, 0.0, 0.0, -1.0, 0.565555, 0.0, 1.0, 0.0, 0.691653, 0.0, 0.0, 0.0, 1.0]
            ]
        },
        {
            "name": "Thigh_R",
            "time": [0.0, 0.1667, 0.25, 0.3333, 0.4167],
            "transform": [
                [0.484434, 0.315249, 0.816053, 0.08687, 0.244896, -0.944388, 0.219448, -0.036552, 0.839851, 0.09354, -0.534697, 0.074568, 0.0, 0.0, 0.0, 1.0],
                [0.394428, 0.434526, 0.8097, 0.08687, 0.290949, -0.894857, 0.338496, -0.036552, 0.871651, 0.10207, -0.479381, 0.074568, 0.0, 0.0, 0.0, 1.0],
                [0.976428, 0.182318, 0.115536, 0.094489, 0.047778, -0.704564, 0.708031, -0.000444, 0.210489, -0.685821, -0.696666, -0.001623, 0.0, 0.0, 0.0, 1.0],
                [0.993198, 0.066606, 0.095507, 0.102109, -0.006346, -0.788052, 0.615577, -0.000996, 0.116266, -0.611996, -0.782268, -0.077815, 0.0, 0.0, 0.0, 1.0],
                [0.993218, 0.067792, 0.094462, 0.102109, -0.00266, -0.798972, 0.601363, -0.000996, 0.11624, -0.597535, -0.793373, -0.077815, 0.0, 0.0, 0.0, 1.0]
            ]
        },
        {
            "name": "Leg_R",
            "time": [0.0, 0.1667, 0.25, 0.3333, 0.4167],
            "transform": [
                [1.0, 1.2e-05, 5e-06, 0.0, -1.3e-05, 0.816762, 0.576974, 0.374726, 3e-06, -0.576975, 0.816762, 0.0, 0.0, 0.0, 0.0, 1.0],
                [1.0, 1.6e-05, 8e-06, 0.0, -1.6e-05, 0.650292, 0.759684, 0.374726, 7e-06, -0.759684, 0.650292, -0.0, 0.0, 0.0, 0.0, 1.0],
                [1.0, 2.1e-05, 2e-05, -0.0, -2.2e-05, 0.078546, 0.99691, 0.374726, 1.9e-05, -0.996911, 0.078546, -0.0, 0.0, 0.0, 0.0, 1.0],
                [1.0, 1.3e-05, 5e-06, -0.0, -1.3e-05, 0.792079, 0.610418, 0.374726, 4e-06, -0.610418, 0.792079, 0.0, 0.0, 0.0, 0.0, 1.0],
                [1.0, 1.3e-05, 5e-06, -0.0, -1.4e-05, 0.777341, 0.629079, 0.374726, 4e-06, -0.62908, 0.777341, 0.0, 0.0, 0.0, 0.0, 1.0]
            ]
        },
        {
            "name": "Knee_R",
            "time": [0.0, 0.4167],
            "transform": [
                [1.0, 0.0, -0.0, 0.0, -0.0, 0.00567, -0.999984, 0.383138, -0.0, 0.999984, 0.00567, -4.8e-05, 0.0, 0.0, 0.0, 1.0],
                [1.0, 0.0, -0.0, -0.0, -0.0, 0.00567, -0.999984, 0.390003, -0.0, 0.999984, 0.00567, -8.7e-05, 0.0, 0.0, 0.0, 1.0]
            ]
        },
        {
            "name": "Thigh_L",
            "time": [0.0, 0.1667, 0.25, 0.3333, 0.4167],
            "transform": [
                [1.0, -4e-06, 0.0, -0.125006, -4e-06, -0.932244, 0.361831, -0.00791, -1e-06, -0.361831, -0.932244, -0.126997, 0.0, 0.0, 0.0, 1.0],
                [1.0, -7e-06, 1e-06, -0.125006, -6e-06, -0.839686, 0.543072, -0.00791, -3e-06, -0.543072, -0.839686, -0.126997, 0.0, 0.0, 0.0, 1.0],
                [0.876184, -0.135666, -0.46249, -0.11769, -0.049026, -0.979677, 0.194498, 0.011281, -0.479478, -0.147742, -0.865028, -0.01271, 0.0, 0.0, 0.0, 1.0],
                [0.691776, -0.223787, -0.686561, -0.104104, -0.389843, -0.916049, -0.094215, 0.012472, -0.60784, 0.332827, -0.720942, 0.059355, 0.0, 0.0, 0.0, 1.0],
                [0.331164, -0.185408, -0.925178, -0.096788, -0.50769, -0.861492, -0.009081, 0.019845, -0.79535, 0.472711, -0.379425, 0.063119, 0.0, 0.0, 0.0, 1.0]
            ]
        },
        {
            "name": "Leg_L",
            "time": [0.0, 0.1667, 0.25, 0.3333, 0.4167],
            "transform": [
                [1.0, 8e-06, 2e-06, -0.0, -8e-06, 0.93374, 0.357952, 0.374726, 1e-06, -0.357952, 0.93374, -0.0, 0.0, 0.0, 0.0, 1.0],
                [1.0, 1.3e-05, 5e-06, -0.0, -1.3e-05, 0.800459, 0.599387, 0.374726, 4e-06, -0.599387, 0.800459, -0.0, 0.0, 0.0, 0.0, 1.0],
                [1.0, 1.1e-05, 4e-06, 0.0, -1.1e-05, 0.863565, 0.504237, 0.374726, 2e-06, -0.504237, 0.863565, -0.0, 0.0, 0.0, 0.0, 1.0],
                [1.0, 1.1e-05, 4e-06, 0.0, -1.1e-05, 0.852673, 0.522445, 0.374726, 3e-06, -0.522446, 0.852673, 0.0, 0.0, 0.0, 0.0, 1.0],
                [1.0, 6e-06, 2e-06, -0.0, -7e-06, 0.950905, 0.309482, 0.374726, 0.0, -0.309482, 0.950905, 0.0, 0.0, 0.0, 0.0, 1.0]
            ]
        },
        {
            "name": "Knee_L",
            "time": [0.0, 0.4167],
            "transform": [
                [1.0, 0.0, -0.0, -0.0, -0.0, 0.00567, -0.999984, 0.374726, -0.0, 0.999984, 0.00567, -0.0, 0.0, 0.0, 0.0, 1.0],
                [1.0, 0.0, -0.0, -0.0, -0.0, 0.00567, -0.999984, 0.374726, -0.0, 0.999984, 0.00567, -0.0, 0.0, 0.0, 0.0, 1.0]
            ]
        },
        {
            "name": "Torso",
            "time": [0.0, 0.1667, 0.3333, 0.4167, 0.25],
            "transform": [
                [0.726175, 0.0, -0.687509, 0.0, 0.033345, 0.998823, 0.03522, 0.05, 0.6867, -0.048501, 0.725321, 0.0, 0.0, 0.0, 0.0, 1.0],
                [0.688538, 0.002585, -0.725196, 0.0, 0.033345, 0.998823, 0.03522, 0.05, 0.724433, -0.048432, 0.687642, 0.0, 0.0, 0.0, 0.0, 1.0],
                [0.951289, -0.021112, -0.307576, 0.0, 0.033624, 0.998806, 0.035435, 0.05, 0.30646, -0.044051, 0.950864, 0.0, 0.0, 0.0, 0.0, 1.0],
                [0.943562, -0.043079, 0.328383, 0.0, 0.033345, 0.998823, 0.03522, 0.05, -0.329514, -0.022283, 0.943888, 0.0, 0.0, 0.0, 0.0, 1.0],
                [0.906825, -0.045052, 0.419093, 0.0, 0.033345, 0.998823, 0.03522, 0.05, -0.420187, -0.017964, 0.90726, 0.0, 0.0, 0.0, 0.0, 1.0]
            ]
        },
        {
            "name": "Chest",
            "time": [0.0, 0.1667, 0.3333, 0.4167, 0.25],
            "transform": [
                [0.992911, 0.0, -0.118863, 0.0, -0.0, 1.0, 0.0, 0.3, 0.118863, -0.0, 0.992911, 0.0, 0.0, 0.0, 0.0, 1.0],
                [0.979873, 0.002993, -0.199599, 0.0, -0.002412, 0.999992, 0.003155, 0.3, 0.199607, -0.00261, 0.979873, 0.0, 0.0, 0.0, 0.0, 1.0],
                [0.990281, -0.030995, 0.135586, 0.0, 0.035602, 0.998864, -0.031683, 0.3, -0.13445, 0.036202, 0.990259, -0.0, 0.0, 0.0, 0.0, 1.0],
                [0.789551, -0.038371, 0.612485, 0.0, 0.09135, 0.994273, -0.05547, 0.3, -0.606848, 0.099747, 0.788534, 0.0, 0.0, 0.0, 0.0, 1.0],
                [0.684497, -0.027377, 0.728501, -0.0, 0.098927, 0.993539, -0.055614, 0.3, -0.722272, 0.110136, 0.682784, 0.0, 0.0, 0.0, 0.0, 1.0]
            ]
        },
        {
            "name": "Head",
            "time": [0.0, 0.1667, 0.25, 0.3333, 0.4167],
            "transform": [
                [0.667049, -0.010693, 0.744937, 0.0, 0.035534, 0.999216, -0.017475, 0.4, -0.744166, 0.038127, 0.666905, 0.0, 0.0, 0.0, 0.0, 1.0],
                [0.690791, -0.010898, 0.722973, 0.0, 0.033967, 0.999272, -0.017392, 0.4, -0.722256, 0.036571, 0.690658, -0.0, 0.0, 0.0, 0.0, 1.0],
                [0.98807, -0.012214, 0.153521, 0.0, 0.008468, 0.999651, 0.025036, 0.4, -0.153774, -0.023437, 0.987828, 0.0, 0.0, 0.0, 0.0, 1.0],
                [0.94405, -0.014438, 0.329488, -0.0, -0.002947, 0.998632, 0.052202, 0.4, -0.329791, -0.050252, 0.942716, 0.0, 0.0, 0.0, 0.0, 1.0],
                [0.867644, -0.020441, 0.496765, -0.0, 0.003226, 0.999365, 0.035488, 0.4, -0.497175, -0.029189, 0.867159, -0.0, 0.0, 0.0, 0.0, 1.0]
            ]
        },
        {
            "name": "Shoulder_R",
            "time": [0.0, 0.1667, 0.25, 0.3333, 0.4167],