{
    "animation": [
        {
            "name": "Root",
            "time": [0.1667, 0.0, 0.0833, 0.3333, 0.4167],
            "transform": [
                [1.0, 0.0, 0.0, -5e-06, 0.0, 0.0, -1.0, 0.26394, 0.0, 1.0, 0.0, 0.68778, 0.0, 0.0, 0.0, 1.0],
                [1.0, 0.0, 0.0, -5e-06, 0.0, 0.0, -1.0, 0.296271, 0.0, 1.0, 0.0, 0.691653, 0.0, 0.0, 0.0, 1.0],
                [1.0, 0.0, 0.0, -5e-06, 0.0, 0.0, -1.0, 0.479254, 0.0, 1.0, 0.0, 0.719116, 0.0, 0.0, 0.0, 1.0],
                [1.0, 0.0, 0.0, -5e-06, 0.0, 0.0, -1.0, 0.951781, 0.0, 1.0, 0.0, 0.710432, 0.0, 0.0, 0.0, 1.0],
                [1.0, 0.0, 0.0, -5e-06, 0.0, 0.0, -1.0, 1.005199, 0.0, 1.0, 0.0, 0.679908, 0.0, 0.0, 0.0, 1.0]
            ]
        },
        {
            "name": "Thigh_R",
            "time": [0.1667, 0.3333, 0.4167, 0.0, 0.0833],
            "transform": [
                [0.93556, 0.143956, 0.322497, 0.102109, -0.086594, -0.791778, 0.60464, -0.000996, 0.342387, -0.593604, -0.72829, -0.077815, 0.0, 0.0, 0.0, 1.0],
                [0.93644, 0.147118, 0.31849, 0.102109, -0.075419, -0.802181, 0.592299, -0.000996, 0.342624, -0.578673, -0.740099, -0.077815, 0.0, 0.0, 0.0, 1.0],
                [0.942547, 0.074858, 0.325579, 0.109284, -0.021547, -0.958921, 0.282856, 0.014678, 0.333378, -0.27362, -0.902214, -0.015117, 0.0, 0.0, 0.0, 1.0],
                [0.860371, 0.095352, 0.500669, 0.129786, 0.260311, -0.926763, -0.270829, -0.003728, 0.438178, 0.363344, -0.822181, 0.09059, 0.0, 0.0, 0.0, 1.0],
                [0.838896, 0.085716, 0.5375, 0.129786, 0.31643, -0.880298, -0.35348, -0.003728, 0.442861, 0.466614, -0.765602, 0.09059, 0.0, 0.0, 0.0, 1.0]
            ]
        },
        {
            "name": "Leg_R",
            "time": [0.0, 0.0833, 0.1667, 0.3333, 0.4167],
            "transform": [
                [1.0, 1.3e-05, 5e-06, 0.0, -1.3e-05, 0.792079, 0.610418, 0.374726, 4e-06, -0.610418, 0.792079, 0.0, 0.0, 0.0, 0.0, 1.0],
                [1.0, 1.3e-05, 5e-06, 0.0, -1.4e-05, 0.777341, 0.629079, 0.374726, 4e-06, -0.62908, 0.777341, -0.0, 0.0, 0.0, 0.0, 1.0],
                [1.0, 7e-06, 2e-06, 0.0, -7e-06, 0.947751, 0.31901, 0.374726, 0.0, -0.319011, 0.947751, 0.0, 0.0, 0.0, 0.0, 1.0],
                [1.0, 8e-06, 2e-06, 0.0, -9e-06, 0.920339, 0.391122, 0.374726, 1e-06, -0.391122, 0.920339, -0.0, 0.0, 0.0, 0.0, 1.0],
                [1.0, 7e-06, 2e-06, 0.0, -7e-06, 0.942756, 0.333483, 0.374726, 1e-06, -0.333483, 0.942756, -0.0, 0.0, 0.0, 0.0, 1.0]
            ]
        },
        {
            "name": "Knee_R",
            "time": [0.0, 0.4167],
            "transform": [
                [1.0, 0.0, -0.0, 0.0, -0.0, 0.00567, -0.999984, 0.387505, -0.0, 0.999984, 0.00567, -7.2e-05, 0.0, 0.0, 0.0, 1.0],
                [1.0, 0.0, -0.0, 0.0, -0.0, 0.00567, -0.999984, 0.374726, -0.0, 0.999984, 0.00567, 0.0, 0.0, 0.0, 0.0, 1.0]
            ]
        },
        {
            "name": "Thigh_L",
            "time": [0.1667, 0.3333, 0.4167, 0.0, 0.0833],
            "transform": [
                [0.686509, -0.23392, -0.688467, -0.096788, -0.398149, -0.913211, -0.086736, 0.012472, -0.608427, 0.333657, -0.720063, 0.059355, 0.0, 0.0, 0.0, 1.0],
                [0.331164, -0.185408, -0.925178, -0.096788, -0.50769, -0.861492, -0.009081, 0.019845, -0.79535, 0.472711, -0.379425, 0.063119, 0.0, 0.0, 0.0, 1.0],
                [0.947707, -0.242042, -0.208005, -0.102891, -0.140578, -0.901736, 0.408793, -0.009218, -0.286511, -0.358175, -0.888607, 0.046717, 0.0, 0.0, 0.0, 1.0],
                [0.999143, -0.017043, -0.037714, -0.120328, 0.000797, -0.903177, 0.429269, 0.016354, -0.041378, -0.428931, -0.902389, -0.132302, 0.0, 0.0, 0.0, 1.0],
                [0.998726, -0.026531, -0.042929, -0.120328, -0.001435, -0.865251, 0.501338, 0.016354, -0.050446, -0.500637, -0.864186, -0.132302, 0.0, 0.0, 0.0, 1.0]
            ]
        },
        {
            "name": "Leg_L",
            "time": [0.0, 0.0833, 0.1667, 0.3333, 0.4167],
            "transform": [
                [1.0, 1.1e-05, 4e-06, 0.0, -1.1e-05, 0.85395, 0.520355, 0.374726, 2e-06, -0.520355, 0.85395, -0.0, 0.0, 0.0, 0.0, 1.0],
                [1.0, 6e-06, 2e-06, -0.0, -7e-06, 0.950905, 0.309482, 0.374726, 0.0, -0.309482, 0.950905, 0.0, 0.0, 0.0, 0.0, 1.0],
                [1.0, 2.1e-05, 2e-05, -0.0, -2.2e-05, 0.099555, 0.995032, 0.374726, 1.9e-05, -0.995032, 0.099555, -0.0, 0.0, 0.0, 0.0, 1.0],
                [1.0, 1.1e-05, 4e-06, 0.0, -1.1e-05, 0.860526, 0.509406, 0.374726, 2e-06, -0.509406, 0.860526, 0.0, 0.0, 0.0, 0.0, 1.0],
                [1.0, 1.6e-05, 8e-06, 0.0, -1.6e-05, 0.671115, 0.741353, 0.374726, 6e-06, -0.741353, 0.671115, 0.0, 0.0, 0.0, 0.0, 1.0]
            ]
        },
        {
            "name": "Knee_L",
            "time": [0.0, 0.4167],
            "transform": [
                [1.0, 0.0, -0.0, 0.0, -0.0, 0.00567, -0.999984, 0.376022, -0.0, 0.999984, 0.00567, -7e-06, 0.0, 0.0, 0.0, 1.0],
                [1.0, 0.0, -0.0, 0.0, -0.0, 0.00567, -0.999984, 0.406254, -0.0, 0.999984, 0.00567, -0.000179, 0.0, 0.0, 0.0, 1.0]
            ]
        },
        {
            "name": "Torso",
            "time": [0.0, 0.0833, 0.1667, 0.3333, 0.4167],
            "transform": [
                [0.943562, -0.043079, 0.328383, 0.0, 0.033345, 0.998823, 0.03522, 0.05, -0.329514, -0.022283, 0.943888, 0.0, 0.0, 0.0, 0.0, 1.0],
                [0.906825, -0.045052, 0.419093, 0.0, 0.033345, 0.998823, 0.03522, 0.05, -0.420187, -0.017964, 0.90726, 0.0, 0.0, 0.0, 0.0, 1.0],
                [0.999043, -0.034309, 0.027139, 0.0, 0.033345, 0.998823, 0.03522, 0.05, -0.028315, -0.034282, 0.999011, 0.0, 0.0, 0.0, 0.0, 1.0],
                [0.873359, -0.011986, -0.48693, 0.0, 0.033345, 0.998823, 0.03522, 0.05, 0.485935, -0.046996, 0.872731, 0.0, 0.0, 0.0, 0.0, 1.0],
                [0.873359, -0.011986, -0.48693, 0.0, 0.033345, 0.998823, 0.03522, 0.05, 0.485935, -0.046996, 0.872731, 0.0, 0.0, 0.0, 0.0, 1.0]
            ]
        },
        {
            "name": "Chest",
            "time": [0.0, 0.0833, 0.1667, 0.3333, 0.4167],
            "transform": [
                [0.789551, -0.038371, 0.612485, 0.0, 0.09135, 0.994273, -0.05547, 0.3, -0.606848, 0.099747, 0.788534, 0.0, 0.0, 0.0, 0.0, 1.0],
                [0.684497, -0.027377, 0.728501, 0.0, 0.098927, 0.993539, -0.055614, 0.3, -0.722272, 0.110136, 0.682784, -0.0, 0.0, 0.0, 0.0, 1.0],
                [0.788047, 0.000777, 0.615614, 0.0, -0.007997, 0.999928, 0.008975, 0.3, -0.615563, -0.011996, 0.787997, -0.0, 0.0, 0.0, 0.0, 1.0],
                [0.688088, 0.077108, -0.721518, 0.0, -0.051887, 0.997021, 0.057068, 0.3, 0.723769, -0.001831, 0.690039, -0.0, 0.0, 0.0, 0.0, 1.0],
                [0.596853, 0.081197, -0.798232, 0.0, -0.051553, 0.996691, 0.062837, 0.3, 0.800693, 0.003647, 0.599064, 0.0, 0.0, 0.0, 0.0, 1.0]
            ]
        },
        {
            "name": "Head",
            "time": [0.0, 0.0833, 0.1667, 0.3333, 0.4167],
            "transform": [
                [0.94405, -0.014438, 0.329488, 0.0, -0.002947, 0.998632, 0.052202, 0.4, -0.329791, -0.050252, 0.942716, 0.0, 0.0, 0.0, 0.0, 1.0],
                [0.867644, -0.020441, 0.496765, -0.0, 0.003226, 0.999365, 0.035488, 0.4, -0.497175, -0.029189, 0.867159, -0.0, 0.0, 0.0, 0.0, 1.0],
                [0.921287, -0.003775, 0.388866, -0.0, 0.026078, 0.998302, -0.052092, 0.4, -0.388009, 0.058133, 0.919821, -0.0, 0.0, 0.0, 0.0, 1.0],
                [0.908766, -0.035088, 0.415829, -0.0, 0.053826, 0.997991, -0.033423, 0.4, -0.413821, 0.052756, 0.908828, 0.0, 0.0, 0.0, 0.0, 1.0],
                [0.928083, -0.034831, 0.370742, -0.0, 0.051312, 0.99808, -0.03468, 0.4, -0.368823, 0.051209, 0.928088, 0.0, 0.0, 0.0, 0.0, 1.0]
            ]
        },
        {
            "name": "Shoulder_R",
            "time": [0.0, 0.0833, 0.1667, 0.3333, 0.4167],