{
    "animation": [
        {
            "name": "Root",
            "time": [0.4167, 0.0, 0.0833, 0.1667, 0.25],
            "transform": [
                [1.0, 0.0, 0.0, -5e-06, 0.0, 0.0, -1.0, 0.20551, 0.0, 1.0, 0.0, 0.691653, 0.0, 0.0, 0.0, 1.0],
                [1.0, 0.0, 0.0, -5e-06, 0.0, 0.0, -1.0, 0.498145, 0.0, 1.0, 0.0, 0.763938, 0.0, 0.0, 0.0, 1.0],
                [1.0, 0.0, 0.0, -5e-06, 0.0, 0.0, -1.0, 0.890189, 0.0, 1.0, 0.0, 0.671141, 0.0, 0.0, 0.0, 1.0],
                [1.0, 0.0, 0.0, -5e-06, 0.0, 0.0, -1.0, 0.921568, 0.0, 1.0, 0.0, 0.654823, 0.0, 0.0, 0.0, 1.0],
                [1.0, 0.0, 0.0, -5e-06, 0.0, 0.0, -1.0, 0.81701, 0.0, 1.0, 0.0, 0.763972, 0.0, 0.0, 0.0, 1.0]
            ]
        },
        {
            "name": "Thigh_R",
            "time": [0.4167, 0.0, 0.0833, 0.1667, 0.25],
            "transform": [
                [0.999996, 0.002587, 0.000768, 0.123434, 0.001648, -0.810558, 0.585656, 0.003286, 0.002137, -0.585653, -0.81056, -0.084139, 0.0, 0.0, 0.0, 1.0],
                [0.924583, 0.064242, 0.375526, 0.126037, 0.008815, -0.989025, 0.14749, -0.014546, 0.380879, -0.133056, -0.915001, 0.001667, 0.0, 0.0, 0.0, 1.0],
                [0.694394, 0.291414, 0.657948, 0.121977, 0.445617, -0.89206, -0.075197, -0.00362, 0.565016, 0.345409, -0.7493, -0.024722, 0.0, 0.0, 0.0, 1.0],
                [0.669982, 0.260428, 0.695199, 0.121977, 0.496181, -0.853648, -0.158399, -0.00362, 0.552204, 0.451069, -0.701148, -0.024722, 0.0, 0.0, 0.0, 1.0],
                [0.484434, 0.315249, 0.816053, 0.08687, 0.244896, -0.944388, 0.219448, -0.036552, 0.839851, 0.09354, -0.534697, 0.074568, 0.0, 0.0, 0.0, 1.0]
            ]
        },
        {
            "name": "Leg_R",
            "time": [0.0, 0.0833, 0.1667, 0.25, 0.4167],
            "transform": [
                [1.0, 1.3e-05, 5e-06, -0.0, -1.3e-05, 0.786734, 0.617293, 0.374726, 4e-06, -0.617293, 0.786734, 0.0, 0.0, 0.0, 0.0, 1.0],
                [1.0, 7e-06, 2e-06, -0.0, -7e-06, 0.940681, 0.339291, 0.374726, 1e-06, -0.339291, 0.940682, 0.0, 0.0, 0.0, 0.0, 1.0],
                [1.0, 1.5e-05, 7e-06, 0.0, -1.6e-05, 0.681204, 0.732094, 0.374726, 6e-06, -0.732094, 0.681204, 0.0, 0.0, 0.0, 0.0, 1.0],
                [1.0, 1.4e-05, 6e-06, -0.0, -1.4e-05, 0.761581, 0.64807, 0.374726, 4e-06, -0.64807, 0.761581, -0.0, 0.0, 0.0, 0.0, 1.0],
                [1.0, 1.2e-05, 5e-06, 0.0, -1.3e-05, 0.816762, 0.576974, 0.374726, 3e-06, -0.576975, 0.816762, -0.0, 0.0, 0.0, 0.0, 1.0]
            ]
        },
        {
            "name": "Knee_R",
            "time": [0.0, 0.4167],
            "transform": [
                [1.0, 0.0, -0.0, -0.0, -0.0, 0.00567, -0.999984, 0.38842, -0.0, 0.999984, 0.00567, -7.8e-05, 0.0, 0.0, 0.0, 1.0],
                [1.0, 0.0, -0.0, -0.0, -0.0, 0.00567, -0.999984, 0.383138, -0.0, 0.999984, 0.00567, -4.8e-05, 0.0, 0.0, 0.0, 1.0]
            ]
        },
        {
            "name": "Thigh_L",
            "time": [0.4167, 0.0, 0.0833, 0.1667, 0.25],
            "transform": [
                [0.331165, -0.185408, -0.925178, -0.096788, -0.50769, -0.861492, -0.009081, 0.019845, -0.79535, 0.472711, -0.379426, 0.063119, 0.0, 0.0, 0.0, 1.0],
                [0.975951, -0.101199, -0.193075, -0.117829, 0.079665, -0.658868, 0.748028, 0.032116, -0.202911, -0.745421, -0.634961, 0.023571, 0.0, 0.0, 0.0, 1.0],
                [0.999198, 0.008514, -0.039128, -0.138869, 0.029028, -0.827103, 0.561301, 0.038423, -0.027584, -0.561986, -0.826687, -0.016012, 0.0, 0.0, 0.0, 1.0],
                [0.999669, 0.012205, -0.022669, -0.138869, 0.023473, -0.793775, 0.607758, 0.038423, -0.010576, -0.608089, -0.793799, -0.016012, 0.0, 0.0, 0.0, 1.0],
                [1.0, -4e-06, 0.0, -0.125006, -4e-06, -0.932244, 0.361831, -0.00791, -1e-06, -0.361831, -0.932244, -0.126997, 0.0, 0.0, 0.0, 1.0]
            ]
        },
        {
            "name": "Leg_L",
            "time": [0.0, 0.0833, 0.1667, 0.25, 0.4167],
            "transform": [
                [1.0, 7e-06, 2e-06, -0.0, -7e-06, 0.950905, 0.309483, 0.374726, 0.0, -0.309483, 0.950905, 0.0, 0.0, 0.0, 0.0, 1.0],
                [1.0, 1.6e-05, 8e-06, -0.0, -1.7e-05, 0.646147, 0.763213, 0.374726, 7e-06, -0.763214, 0.646147, 0.0, 0.0, 0.0, 0.0, 1.0],
                [1.0, 1.1e-05, 4e-06, 0.0, -1.2e-05, 0.838718, 0.544566, 0.374726, 3e-06, -0.544566, 0.838718, 0.0, 0.0, 0.0, 0.0, 1.0],
                [1.0, 1.5e-05, 7e-06, 0.0, -1.6e-05, 0.697584, 0.716503, 0.374726, 6e-06, -0.716503, 0.697584, 0.0, 0.0, 0.0, 0.0, 1.0],
                [1.0, 8e-06, 2e-06, -0.0, -8e-06, 0.93374, 0.357951, 0.374726, 1e-06, -0.357951, 0.93374, -0.0, 0.0, 0.0, 0.0, 1.0]
            ]
        },
        {
            "name": "Knee_L",
            "time": [0.0, 0.4167],
            "transform": [
                [1.0, 0.0, -0.0, -0.0, -0.0, 0.00567, -0.999984, 0.374726, -0.0, 0.999984, 0.00567, -0.0, 0.0, 0.0, 0.0, 1.0],
                [1.0, 0.0, -0.0, -0.0, -0.0, 0.00567, -0.999984, 0.374726, -0.0, 0.999984, 0.00567, -0.0, 0.0, 0.0, 0.0, 1.0]
            ]
        },
        {
            "name": "Torso",
            "time": [0.0, 0.0833, 0.1667, 0.25, 0.4167],
            "transform": [
                [0.906825, -0.045052, 0.419093, 0.0, 0.033345, 0.998823, 0.03522, 0.05, -0.420187, -0.017964, 0.90726, 0.0, 0.0, 0.0, 0.0, 1.0],
                [0.97481, -0.050853, 0.217164, 0.0, 0.021819, 0.990733, 0.134058, 0.05, -0.221969, -0.125942, 0.966886, 0.0, 0.0, 0.0, 0.0, 1.0],
                [0.999417, -0.033582, 0.006149, 0.0, 0.031244, 0.972281, 0.231719, 0.05, -0.01376, -0.231392, 0.972763, 0.0, 0.0, 0.0, 0.0, 1.0],
                [0.999417, -0.033582, 0.006149, 0.0, 0.029898, 0.947874, 0.317241, 0.05, -0.016482, -0.316872, 0.948325, 0.0, 0.0, 0.0, 0.0, 1.0],
                [0.726175, 0.0, -0.687509, 0.0, 0.033345, 0.998823, 0.03522, 0.05, 0.6867, -0.048501, 0.725321, 0.0, 0.0, 0.0, 0.0, 1.0]
            ]
        },
        {
            "name": "Chest",
            "time": [0.0, 0.0833, 0.1667, 0.25, 0.4167],
            "transform": [
                [0.634377, -0.022213, 0.772704, 0.0, 0.102151, 0.99323, -0.055311, 0.3, -0.766245, 0.114021, 0.632352, -0.0, 0.0, 0.0, 0.0, 1.0],
                [0.897416, -0.032092, 0.440016, -0.0, 0.01212, 0.998768, 0.048123, 0.3, -0.441019, -0.037854, 0.896699, 0.0, 0.0, 0.0, 0.0, 1.0],
                [0.999257, 0.021847, 0.031743, 0.0, -0.027181, 0.983523, 0.178729, 0.3, -0.027315, -0.179459, 0.983386, 0.0, 0.0, 0.0, 0.0, 1.0],
                [0.999231, 0.021838, 0.032555, 0.0, -0.027978, 0.978974, 0.202058, 0.3, -0.027458, -0.202813, 0.978832, -0.0, 0.0, 0.0, 0.0, 1.0],
                [0.992911, 0.0, -0.118863, 0.0, -0.0, 1.0, 0.0, 0.3, 0.118863, -0.0, 0.992911, 0.0, 0.0, 0.0, 0.0, 1.0]
            ]
        },
        {
            "name": "Head",
            "time": [0.0, 0.0833, 0.1667, 0.25, 0.4167],
            "transform": [
                [0.947606, 0.126994, 0.293113, -0.0, -0.051155, 0.966067, -0.253176, 0.4, -0.315319, 0.224917, 0.921947, 0.0, 0.0, 0.0, 0.0, 1.0],
                [0.995343, -0.000603, -0.096401, -0.0, -0.022041, 0.972068, -0.233661, 0.4, 0.093849, 0.234697, 0.967528, -0.0, 0.0, 0.0, 0.0, 1.0],
                [0.999209, -0.039565, -0.003969, 0.0, 0.036279, 0.94796, -0.316316, 0.4, 0.016277, 0.315922, 0.948646, 0.0, 0.0, 0.0, 0.0, 1.0],
                [0.999143, -0.041192, -0.004007, -0.0, 0.036964, 0.931725, -0.361277, 0.4, 0.018615, 0.36082, 0.93245, 0.0, 0.0, 0.0, 0.0, 1.0],
                [0.667049, -0.010693, 0.744937, -0.0, 0.035534, 0.999216, -0.017475, 0.4, -0.744166, 0.038127, 0.666905, 0.0, 0.0, 0.0, 0.0, 1.0]
            ]
        },
        {
            "name": "Shoulder_R",
            "time": [0.0, 0.0833, 0.1667, 0.25, 0.4167],